EmployeeID,FirstName,LastName,Stream,Password,Admin
885806,Alan,Elliott,Mobility,$2a$10$5Jfrnh7kXsBzPYDZPLaqweU..Ul083gH7M.4dr.mLAm7JDQMvpPuW,true
444123,Craig,Freeman,BigData,$2a$10$8wjw2JWsK2sLoauZSP6zN.LLJ1TeHrzw3HKAdKklfhBtmXQkScrPm,true
121168,Billy,Garrett,ABIAP,$2a$10$F533OvSew1UAlURgVS0GF.q8oJ7hYZL2KW.9HSiJtAIa.vDGDPiiW,false
361673,Roy,Reyes,Mobility,$2a$10$lPkCEKGm/O/EozbqqiwMp.grQoBWI/i5ZHQPO5EQRjanuzUtsHuR.,true
421201,Harold,Parker,BigData,$2a$10$p5Mgc0sgnN8/SKVJMsKr5eCSgPz6YLqlCNXVxxpiRdtbdTXz79hMK,false
784793,Adam,Frazier,Mobility,$2a$10$2yrB2HKToDnqzaY2vj3OJemgwyTleqZDjSoqDe7EYVOvo.QBKnwcC,true
926371,Frances,Allen,BigData,$2a$10$Duy/W5qaD.kyCkjblbybsuMOrPfX8t8P8f8fzKvA28HmYDxDnER9y,false
435761,Carl,Wright,BigData,$2a$10$ZkKK2fkcIQeKefcD/0vYp.R9bVmwtzuC6g27aG0zWz8WJ5Roc27wW,true
467616,Larry,Hamilton,ABIAP,$2a$10$ZlQ1slCZ1UTf3X.3uNC5te6XFsmyBNNqJhMSb6u9ijeASSyzAJfjq,true
247181,Phillip,Perry,Mobility,$2a$10$sJoPj8dI.ms3bmjWyNRNJOS7WMvshn3XLnceqEQUHncnCKhyWdafe,true
871158,Jonathan,Dean,Mobility,$2a$10$C/lzs66pSqvgF5Qv9CF9Q.ffbgwOHKFHu2Nz6YGZNCMCFEysGfSMa,false
311903,Kimberly,Hall,BigData,$2a$10$Uwm30bi0SmAQwGxpAtXBe.HtoUIOGKM0sszf97HvPuiu1mqvLmgC6,false
229836,Robert,Barnes,BigData,$2a$10$0bARN2FnH2TC7pNzekV0BOSs5ewWdeBG/lZa7v2PEgdnom/uS5rR2,false
861582,Heather,Watkins,BigData,$2a$10$cb2qqDaqSXomoO76GQLAs.j5cYmU4mBHn/vLLBOGD.Wx1r00zGTcS,true
576651,Jonathan,Holmes,Mobility,$2a$10$uXGCCmPkIHa.XOuJJACcCe7FYGZRLyApxawg40Nl8dlx7Io6M4e7a,true
268331,Irene,Oliver,ABIAP,$2a$10$CNAjlAEEHTBf4o/1fN/Cau6TJklZso/5keW9liy5J1nXLzBWBGHgu,false
449372,Angela,Ramirez,ABIAP,$2a$10$632W9JkfsTp1RKNct6WBIu4AetzBGlgSPov8tGmh8DDT537JNnpRG,true
958531,Patrick,Wagner,ABIAP,$2a$10$R9inYSPpf7BzM1YJxFwyzO.hJJuhueNQG2FE8dK/A9xFrgnb02Yne,true
294864,Willie,Gonzales,ABIAP,$2a$10$kwz.zBF5igS2/tG6Zc417O34KXsa0G1DzP1yOe4hKQZhbl3eWy0Mu,false
597642,Barbara,Riley,BigData,$2a$10$dgnRpXT0Mf6gmPXB9g3eW.yjpmOjnX0y.9us5xThgT6IAxhYJr5Fa,false
303428,Kathleen,Marshall,ABIAP,$2a$10$F31ZrOuczvWcVI1pYqqOGOjvajOEMcX0WaCxtNGOSefjTNtGlIYym,false
635267,Pamela,Perez,BigData,$2a$10$.Hmv6.2QKZ4S4h09.VAtx.cqXIKeyq0Aun9gdQsPyjEXC4S0eFBze,true
511864,Doris,Walker,ABIAP,$2a$10$TGyGVTDxYC0kkO0Cuvd/WOmy/HFCuO7oCXLvQVMuorgRu6yX.yRy6,false
742202,Marilyn,Gomez,Mobility,$2a$10$m1fnCoovRsuB3WLhGkb82uIpF2IH2y/UhL73GAxLj.N6wnH/Q8Mce,true
620157,Patricia,Peterson,BigData,$2a$10$P4/z2V7IjF2WyVA2WzJ8X.jLr7/3DmpgUTPE3ZeWD5qn6F2xIP5eS,false
543408,Maria,Murray,ABIAP,$2a$10$5MqNM4YCACfbuhHw9ZBzYemB5ve85fWzY0VptrdWRWL8j.RLvUp5C,false
352301,Martha,Willis,BigData,$2a$10$pqvw8HmNd4pNb5.vXnNicOvEXQuSRDtqNUvy6Bdj5s.ZHOYwG7Se6,true
948069,Steve,White,ABIAP,$2a$10$NE7WPeduFc.zORzfmZLD1.Al2wSNdNi0u8u.G2h4x7n.BrhYjvuc6,false
131948,Cynthia,Garrett,BigData,$2a$10$zqCoaZAzHFqSROfV5TdBq.nlVjDFGR2e/4RIRwd.Mb4vsHFtb4Yla,true
177666,Scott,Perkins,ABIAP,$2a$10$PMKm/otIFumMhO/4f8W0V.vj.dFNF3Phw.8YByKrhXcz9cC..6jRq,true
794348,Doris,Price,ABIAP,$2a$10$5XR5ka8Zou8FTSBbetMhYuJqX5OEH/3qEfMNdN7twBDcr.zzNBT8S,true
852727,Dorothy,Gibson,Mobility,$2a$10$FnxRXe5DdW7w31zhrwmR8eEY4KAhUYhiND0uWP5iBkJ5pmUyo/FMu,true
624074,Kimberly,Harrison,ABIAP,$2a$10$K7s11Ylk0CNCciFb8XfN4eZYZ6mlSjjXrEXKaAwR3nLhVvsQxb9qa,true
617578,Jerry,Jacobs,BigData,$2a$10$0Fw9aHtilq1kxF4aSNipQunH/BfZntWiQy08CM8dqF4WdC9TFY/Vm,true
220720,Joan,Wallace,ABIAP,$2a$10$y8H3nCU80bzm7vovyggip.b4k26gsZ89LKgZoCTXJCT6BdGI1Q08m,false
170137,Michael,Campbell,ABIAP,$2a$10$dJNk3989b4LN6l90/A0nbeIyrTI9eI9URSvwqjzFjyDmqeBpT.3ku,true
386804,Stephanie,Wagner,Mobility,$2a$10$qR3BQH80tww7DG1rTootDevH9MSa1zd8pcfFcIi.lytAuhNY96CKq,false
868842,Thomas,Simpson,Mobility,$2a$10$LsPhoLVRc6UkSgICYcMeDuc3zy3sSQfjvuJTwg98JBiWDRhRtaSh6,true
543135,Betty,Lynch,BigData,$2a$10$dq1qtiLjlTbpOdrL84ftw.jMZUVN154tB9tBbebqahCZT6gSDkQy2,true
430971,Lisa,Brown,BigData,$2a$10$TMFHT3S.GWctUGbzpu2gZOckcDZvwa2K0Y8xiuKt.8.vpgW3G0Ft6,false
272472,Gerald,West,Mobility,$2a$10$L1ASmyuhEwrP/ei5vcuYbuUWRJ2GdQjeD5WyyuHonQVZC6SQs.wn6,true
187646,Albert,Moore,BigData,$2a$10$xoAmHo9VClXyL325dliFz.jb.jqfQM1Igkqef0IuNX2WaPFLCeCZy,false
176548,Gerald,Marshall,BigData,$2a$10$42L8PkuMgNRFQpWsNDaMeeDWD0ewoOvPrYnrg1dglBxGdGl2psgeq,true
224768,Robert,Dixon,BigData,$2a$10$bfgz4A2qOazZcnSsVNT9QebXobahMKXv/yCJPrw4w2W1nUDPKamuW,true
396854,Eric,Hansen,BigData,$2a$10$PI40HiFgKY8tqNdhT5QggOio02eM6/nsVqNcfsPiv3G9uVo859kGW,false
374647,Emily,Palmer,Mobility,$2a$10$u2pjZ4AUS3vz0sbJ5wqPKuaR1/JmP6PjLgrAkPq25DHmKxlQ2XlEK,true
825899,Dennis,Gilbert,Mobility,$2a$10$cG8XRbO47hhjI01aXsOh/eI7xsGQZIHAfFuUIpDWuVXg8thr8SnxC,true
782077,Cheryl,Fowler,BigData,$2a$10$ZRSAZrVLwQoLKYG6jdwREeICg.9Ty2WoIElROnirsHUzKA5qYxMY6,false
914036,Benjamin,Carroll,ABIAP,$2a$10$P/E0hYFmFC8HY7ilptfgWuW7efbNZHMj1yk6NS5Mguq4vgKQfndrq,false
800496,Brenda,Duncan,ABIAP,$2a$10$sK3D8HWd2PXCfPiw.9yWnua8mZgYg3NIsKTe9sabnvBwySeRmEowm,true
